timestamp,collection_timestamp,city,latitude,longitude,temperature,feels_like,humidity,pressure,wind_speed,wind_direction,clouds,sunrise,sunset,visibility,weather,aqi,pm2_5,pm10,co,so2,no2,o3,weather_source,aqi_source
2026-08-21T19:57:46.942149+00:00,2026-08-21T19:57:46.942149+00:00,Sukkur,27.7052,68.8574,31.49,34.37,54,998,7.41,164,0,1787360313,1787407018,10000,clear sky,65,65,59,2.8,3,2.8,2.7,OpenWeather,AQICN-geo
2026-08-21T20:14:51.784809+00:00,2026-08-21T20:14:51.784809+00:00,Sukkur,27.7052,68.8574,31.49,34.37,54,998,7.41,164,0,1787360313,1787407018,10000,clear sky,65,65,59,2.8,3,2.8,2.7,OpenWeather,AQICN-geo
2026-08-21T21:14:08.284884+00:00,2026-08-21T21:14:08.284884+00:00,Sukkur,27.7052,68.8574,30.63,33.41,57,998,7.31,165,0,1787360313,1787407018,10000,clear sky,65,65,59,2.8,3,2.8,2.7,OpenWeather,AQICN-geo
2026-08-21T22:13:23.020605+00:00,2026-08-21T22:13:23.020605+00:00,Sukkur,27.7052,68.8574,29.73,32.51,61,998,7.73,167,1,1787360313,1787407018,10000,clear sky,65,65,59,2.8,3,2.8,2.7,OpenWeather,AQICN-geo
2026-08-21T23:15:06.150936+00:00,2026-08-21T23:15:06.150936+00:00,Sukkur,27.7052,68.8574,29.04,31.75,64,998,7.74,169,2,1787360313,1787407018,10000,clear sky,65,65,59,2.8,3,2.8,2.7,OpenWeather,AQICN-geo
2026-08-22T00:37:54.336339+00:00,2026-08-22T00:37:54.336339+00:00,Sukkur,27.7052,68.8574,28.61,31.26,66,999,5.97,171,7,1787360313,1787407018,10000,clear sky,149,149,,,,,,OpenWeather,AQICN-geo
2026-08-22T02:09:11.888474+00:00,2026-08-22T02:09:11.888474+00:00,Sukkur,27.7052,68.8574,28.99,31.65,64,1000,6.62,171,7,1787360313,1787407018,10000,clear sky,163,163,,,,,,OpenWeather,AQICN-geo
2026-08-22T03:34:30.054442+00:00,2026-08-22T03:34:30.054442+00:00,Sukkur,27.7052,68.8574,32.53,35.63,51,1001,5.48,164,6,1787360313,1787407018,10000,clear sky,175,175,,,,,,OpenWeather,AQICN-geo
2026-08-22T04:22:33.019488+00:00,2026-08-22T04:22:33.019488+00:00,Sukkur,27.7052,68.8574,32.53,35.63,51,1001,5.48,164,6,1787360313,1787407018,10000,clear sky,177,177,,,,,,OpenWeather,AQICN-geo
2026-08-22T05:18:10.721119+00:00,2026-08-22T05:18:10.721119+00:00,Sukkur,27.7052,68.8574,34.91,37.98,43,1001,5.14,161,5,1787360313,1787407018,10000,clear sky,176,176,,,,,,OpenWeather,AQICN-geo
2026-08-22T06:21:57.441469+00:00,2026-08-22T06:21:57.441469+00:00,Sukkur,27.7052,68.8574,37.18,40.42,37,1001,5.09,165,7,1787360313,1787407018,10000,clear sky,159,159,,,,,,OpenWeather,AQICN-geo
2026-08-22T07:23:52.439549+00:00,2026-08-22T07:23:52.439549+00:00,Sukkur,27.7052,68.8574,38.85,42.16,33,1000,4.96,164,5,1787360313,1787407018,10000,clear sky,152,152,,,,,,OpenWeather,AQICN-geo
2026-08-22T08:17:58.305254+00:00,2026-08-22T08:17:58.305254+00:00,Sukkur,27.7052,68.8574,40.53,44.18,30,999,4.78,163,5,1787360313,1787407018,10000,clear sky,127,127,,,,,,OpenWeather,AQICN-geo
2026-08-22T09:18:25.216726+00:00,2026-08-22T09:18:25.216726+00:00,Sukkur,27.7052,68.8574,41.83,45.27,27,998,4.8,163,5,1787360313,1787407018,10000,clear sky,117,117,,,,,,OpenWeather,AQICN-geo
2026-08-22T10:13:20.396422+00:00,2026-08-22T10:13:20.396422+00:00,Sukkur,27.7052,68.8574,42.76,46.01,25,996,4.6,166,5,1787360313,1787407018,10000,clear sky,155,155,,,,,,OpenWeather,AQICN-geo
2026-08-22T11:13:44.400198+00:00,2026-08-22T11:13:44.400198+00:00,Sukkur,27.7052,68.8574,43.18,46.26,24,995,4.6,167,5,1787360313,1787407018,10000,clear sky,107,107,,,,,,OpenWeather,AQICN-geo
2026-08-22T12:19:42.863281+00:00,2026-08-22T12:19:42.863281+00:00,Sukkur,27.7052,68.8574,43.11,45.59,23,995,5.31,160,13,1787360313,1787407018,10000,few clouds,93,93,,,,,,OpenWeather,AQICN-geo
2026-08-22T13:25:55.768881+00:00,2026-08-22T13:25:55.768881+00:00,Sukkur,27.7052,68.8574,42.12,44.32,24,994,6.62,158,5,1787360313,1787407018,10000,clear sky,93,93,,,,,,OpenWeather,AQICN-geo
2026-08-22T14:13:22.002612+00:00,2026-08-22T14:13:22.002612+00:00,Sukkur,27.7052,68.8574,40.41,42.6,27,995,5.97,162,5,1787360313,1787407018,10000,clear sky,93,93,,,,,,OpenWeather,AQICN-geo
2026-08-22T15:12:14.542421+00:00,2026-08-22T15:12:14.542421+00:00,Sukkur,27.7052,68.8574,39.38,41.54,29,996,6.8,168,3,1787360313,1787407018,10000,clear sky,87,87,,,,,,OpenWeather,AQICN-geo
2026-08-22T16:14:15.288213+00:00,2026-08-22T16:14:15.288213+00:00,Sukkur,27.7052,68.8574,37.12,39.93,36,996,8.98,179,3,1787360313,1787407018,10000,clear sky,74,74,,,,,,OpenWeather,AQICN-geo
2026-08-22T17:13:47.584429+00:00,2026-08-22T17:13:47.584429+00:00,Sukkur,27.7052,68.8574,34.65,37.47,43,996,8.83,179,3,1787360313,1787407018,10000,clear sky,72,72,,,,,,OpenWeather,AQICN-geo
2026-08-22T18:16:06.148899+00:00,2026-08-22T18:16:06.148899+00:00,Sukkur,27.7052,68.8574,32.93,36.15,50,997,7.67,170,2,1787360313,1787407018,10000,clear sky,63,63,,,,,,OpenWeather,AQICN-geo
2026-08-22T19:17:39.358732+00:00,2026-08-22T19:17:39.358732+00:00,Sukkur,27.7052,68.8574,31.81,34.74,53,998,7.61,165,3,1787446743,1787493358,10000,clear sky,63,63,,,,,,OpenWeather,AQICN-geo
2026-08-22T20:13:16.346447+00:00,2026-08-22T20:13:16.346447+00:00,Sukkur,27.7052,68.8574,30.85,33.83,57,998,7.43,162,2,1787446743,1787493358,10000,clear sky,59,59,,,,,,OpenWeather,AQICN-geo
2026-08-22T21:13:32.534943+00:00,2026-08-22T21:13:32.534943+00:00,Sukkur,27.7052,68.8574,29.98,32.79,60,998,7.48,155,1,1787446743,1787493358,10000,clear sky,59,59,,,,,,OpenWeather,AQICN-geo
2026-08-22T22:13:44.400759+00:00,2026-08-22T22:13:44.400759+00:00,Sukkur,27.7052,68.8574,29.13,31.92,64,998,7.58,155,1,1787446743,1787493358,10000,clear sky,65,65,,,,,,OpenWeather,AQICN-geo
2026-08-22T23:13:13.476425+00:00,2026-08-22T23:13:13.476425+00:00,Sukkur,27.7052,68.8574,28.67,31.53,67,998,7.16,159,1,1787446743,1787493358,10000,clear sky,50,50,,,,,,OpenWeather,AQICN-geo
2026-08-23T00:42:31.861752+00:00,2026-08-23T00:42:31.861752+00:00,Sukkur,27.7052,68.8574,28.13,30.78,69,1000,5.3,158,0,1787446743,1787493358,10000,clear sky,42,42,,,,,,OpenWeather,AQICN-geo
2026-08-23T02:20:11.084514+00:00,2026-08-23T02:20:11.084514+00:00,Sukkur,27.7052,68.8574,28.48,31.16,67,1001,5.44,150,0,1787446743,1787493358,10000,clear sky,55,55,,,,,,OpenWeather,AQICN-geo
2026-08-23T03:43:35.775902+00:00,2026-08-23T03:43:35.775902+00:00,Sukkur,27.7052,68.8574,31.55,34.48,54,1002,5.02,153,0,1787446743,1787493358,10000,clear sky,57,57,,,,,,OpenWeather,AQICN-geo
2026-08-23T04:29:20.573851+00:00,2026-08-23T04:29:20.573851+00:00,Sukkur,27.7052,68.8574,31.55,34.48,54,1002,5.02,153,0,1787446743,1787493358,10000,clear sky,57,57,,,,,,OpenWeather,AQICN-geo
2026-08-23T05:22:19.528734+00:00,2026-08-23T05:22:19.528734+00:00,Sukkur,27.7052,68.8574,33.76,36.93,47,1002,4.75,149,0,1787446743,1787493358,10000,clear sky,74,74,,,,,,OpenWeather,AQICN-geo
2026-08-23T06:24:59.643370+00:00,2026-08-23T06:24:59.643370+00:00,Sukkur,27.7052,68.8574,35.84,39.17,41,1002,4.12,142,0,1787446743,1787493358,10000,clear sky,124,124,,,,,,OpenWeather,AQICN-geo
2026-08-23T07:26:19.094832+00:00,2026-08-23T07:26:19.094832+00:00,Sukkur,27.7052,68.8574,37.66,40.61,35,1001,3.94,139,0,1787446743,1787493358,10000,clear sky,134,134,,,,,,OpenWeather,AQICN-geo
2026-08-23T08:19:33.505200+00:00,2026-08-23T08:19:33.505200+00:00,Sukkur,27.7052,68.8574,39.35,42.31,31,1000,4.05,137,0,1787446743,1787493358,10000,clear sky,151,151,,,,,,OpenWeather,AQICN-geo
2026-08-23T09:19:44.665177+00:00,2026-08-23T09:19:44.665177+00:00,Sukkur,27.7052,68.8574,40.56,43.31,28,999,4.07,138,0,1787446743,1787493358,10000,clear sky,155,155,,,,,,OpenWeather,AQICN-geo
2026-08-23T10:15:16.974740+00:00,2026-08-23T10:15:16.974740+00:00,Sukkur,27.7052,68.8574,41.28,43.74,26,998,4.07,138,0,1787446743,1787493358,10000,clear sky,149,149,,,,,,OpenWeather,AQICN-geo
2026-08-23T11:13:36.994007+00:00,2026-08-23T11:13:36.994007+00:00,Sukkur,27.7052,68.8574,41.62,43.9,25,998,4.17,141,0,1787446743,1787493358,10000,clear sky,124,124,,,,,,OpenWeather,AQICN-geo
2026-08-23T12:20:37.822210+00:00,2026-08-23T12:20:37.822210+00:00,Sukkur,27.7052,68.8574,41.37,43.45,25,997,4.19,145,0,1787446743,1787493358,10000,clear sky,124,124,,,,,,OpenWeather,AQICN-geo
2026-08-23T13:27:01.143174+00:00,2026-08-23T13:27:01.143174+00:00,Sukkur,27.7052,68.8574,40.28,42.36,27,998,4.72,143,0,1787446743,1787493358,10000,clear sky,112,112,,,,,,OpenWeather,AQICN-geo
2026-08-23T14:15:18.279388+00:00,2026-08-23T14:15:18.279388+00:00,Sukkur,27.7052,68.8574,38.81,40.89,30,998,5.05,142,0,1787446743,1787493358,10000,clear sky,112,112,,,,,,OpenWeather,AQICN-geo
2026-08-23T15:14:23.168474+00:00,2026-08-23T15:14:23.168474+00:00,Sukkur,27.7052,68.8574,37.76,40.06,33,999,5.45,144,0,1787446743,1787493358,10000,clear sky,139,139,,,,,,OpenWeather,AQICN-geo
2026-08-23T16:15:11.733021+00:00,2026-08-23T16:15:11.733021+00:00,Sukkur,27.7052,68.8574,37.26,40.2,36,1000,6.45,148,0,1787446743,1787493358,10000,clear sky,155,155,,,,,,OpenWeather,AQICN-geo
2026-08-23T17:14:05.594953+00:00,2026-08-23T17:14:05.594953+00:00,Sukkur,27.7052,68.8574,36.23,39.97,41,1000,7.41,172,0,1787446743,1787493358,10000,clear sky,137,137,,,,,,OpenWeather,AQICN-geo
2026-08-23T18:16:12.208970+00:00,2026-08-23T18:16:12.208970+00:00,Sukkur,27.7052,68.8574,33.61,37.24,49,1000,5.64,168,0,1787446743,1787493358,10000,clear sky,122,122,,,,,,OpenWeather,AQICN-geo
2026-08-23T19:17:03.776647+00:00,2026-08-23T19:17:03.776647+00:00,Sukkur,27.7052,68.8574,33.12,37.13,52,1001,6.07,188,0,1787533172,1787579698,10000,clear sky,122,122,,,,,,OpenWeather,AQICN-geo
2026-08-23T20:12:53.544924+00:00,2026-08-23T20:12:53.544924+00:00,Sukkur,27.7052,68.8574,32.58,36.29,53,1001,4.95,177,0,1787533172,1787579698,10000,clear sky,142,142,,,,,,OpenWeather,AQICN-geo
2026-08-23T21:13:42.232524+00:00,2026-08-23T21:13:42.232524+00:00,Sukkur,27.7052,68.8574,31.73,35.35,56,1001,6.13,174,0,1787533172,1787579698,10000,clear sky,132,132,,,,,,OpenWeather,AQICN-geo
2026-08-23T22:12:42.829200+00:00,2026-08-23T22:12:42.829200+00:00,Sukkur,27.7052,68.8574,30.44,33.69,60,1001,5.57,175,0,1787533172,1787579698,10000,clear sky,132,132,,,,,,OpenWeather,AQICN-geo
2026-08-23T23:13:16.124205+00:00,2026-08-23T23:13:16.124205+00:00,Sukkur,27.7052,68.8574,30.04,33.32,62,1002,5.13,172,0,1787533172,1787579698,10000,clear sky,127,127,,,,,,OpenWeather,AQICN-geo
2026-08-24T00:40:58.276209+00:00,2026-08-24T00:40:58.276209+00:00,Sukkur,27.7052,68.8574,29.05,32.11,66,1003,4.45,177,0,1787533172,1787579698,10000,clear sky,132,132,,,,,,OpenWeather,AQICN-geo
2026-08-24T02:18:17.920108+00:00,2026-08-24T02:18:17.920108+00:00,Sukkur,27.7052,68.8574,29.29,32.41,65,1003,4.42,176,0,1787533172,1787579698,10000,clear sky,154,154,,,,,,OpenWeather,AQICN-geo
2026-08-24T03:46:38.038408+00:00,2026-08-24T03:46:38.038408+00:00,Sukkur,27.7052,68.8574,32.5,35.84,52,1004,3.78,167,0,1787533172,1787579698,10000,clear sky,155,155,,,,,,OpenWeather,AQICN-geo
2026-08-24T04:36:57.205512+00:00,2026-08-24T04:36:57.205512+00:00,Sukkur,27.7052,68.8574,34.43,37.66,45,1004,3.36,157,0,1787533172,1787579698,10000,clear sky,159,159,,,,,,OpenWeather,AQICN-geo
2026-08-24T05:31:43.309005+00:00,2026-08-24T05:31:43.309005+00:00,Sukkur,27.7052,68.8574,36.31,39.41,39,1004,3.43,143,0,1787533172,1787579698,10000,clear sky,167,167,,,,,,OpenWeather,AQICN-geo
2026-08-24T06:37:21.397898+00:00,2026-08-24T06:37:21.397898+00:00,Sukkur,27.7052,68.8574,37.76,41.2,36,1003,3.47,139,0,1787533172,1787579698,10000,clear sky,163,163,,,,,,OpenWeather,AQICN-geo
2026-08-24T07:51:53.117281+00:00,2026-08-24T07:51:53.117281+00:00,Sukkur,27.7052,68.8574,39.15,42.34,32,1002,3.7,139,0,1787533172,1787579698,10000,clear sky,144,144,,,,,,OpenWeather,AQICN-geo
2026-08-24T08:38:05.350162+00:00,2026-08-24T08:38:05.350162+00:00,Sukkur,27.7052,68.8574,40.1,42.89,29,1001,3.59,143,0,1787533172,1787579698,10000,clear sky,144,144,,,,,,OpenWeather,AQICN-geo
2026-08-24T09:38:23.072621+00:00,2026-08-24T09:38:23.072621+00:00,Sukkur,27.7052,68.8574,40.7,43.13,27,1000,3.56,147,0,1787533172,1787579698,10000,clear sky,122,122,,,,,,OpenWeather,AQICN-geo
2026-08-24T10:29:59.719159+00:00,2026-08-24T10:29:59.719159+00:00,Sukkur,27.7052,68.8574,40.7,43.13,27,1000,3.56,147,0,1787533172,1787579698,10000,clear sky,107,107,,,,,,OpenWeather,AQICN-geo
2026-08-24T11:20:01.259491+00:00,2026-08-24T11:20:01.259491+00:00,Sukkur,27.7052,68.8574,41.02,43.27,26,1000,3.85,149,0,1787533172,1787579698,10000,clear sky,97,97,,,,,,OpenWeather,AQICN-geo
2026-08-24T12:27:15.983693+00:00,2026-08-24T12:27:15.983693+00:00,Sukkur,27.7052,68.8574,40.51,42.78,27,1000,3.62,149,0,1787533172,1787579698,10000,clear sky,97,97,,,,,,OpenWeather,AQICN-geo
2026-08-24T14:34:08.771745+00:00,2026-08-24T14:34:08.771745+00:00,Sukkur,27.7052,68.8574,37.59,39.06,31,1000,4.04,150,0,1787533172,1787579698,10000,clear sky,99,99,,,,,,OpenWeather,AQICN-geo
2026-08-24T15:30:48.208140+00:00,2026-08-24T15:30:48.208140+00:00,Sukkur,27.7052,68.8574,37.15,38.62,32,1001,4.87,155,0,1787533172,1787579698,10000,clear sky,99,99,,,,,,OpenWeather,AQICN-geo
2026-08-24T16:25:47.331378+00:00,2026-08-24T16:25:47.331378+00:00,Sukkur,27.7052,68.8574,37.15,38.62,32,1001,4.87,155,0,1787533172,1787579698,10000,clear sky,99,99,,,,,,OpenWeather,AQICN-geo
2026-08-24T17:24:03.318501+00:00,2026-08-24T17:24:03.318501+00:00,Sukkur,27.7052,68.8574,36.72,38.18,33,1001,5.38,156,0,1787533172,1787579698,10000,clear sky,99,99,,,,,,OpenWeather,AQICN-geo
2026-08-24T18:26:02.161549+00:00,2026-08-24T18:26:02.161549+00:00,Sukkur,27.7052,68.8574,36.26,37.68,34,1001,5.35,161,4,1787533172,1787579698,10000,clear sky,162,162,,,,,,OpenWeather,AQICN-geo
2026-08-24T19:23:52.193337+00:00,2026-08-24T19:23:52.193337+00:00,Sukkur,27.7052,68.8574,34.7,36.38,39,1002,4.74,165,100,1787619602,1787666036,10000,overcast clouds,162,162,,,,,,OpenWeather,AQICN-geo
2026-08-24T20:20:22.057225+00:00,2026-08-24T20:20:22.057225+00:00,Sukkur,27.7052,68.8574,34.38,36.09,40,1002,4.05,166,100,1787619602,1787666036,10000,overcast clouds,162,162,,,,,,OpenWeather,AQICN-geo
2026-08-24T21:21:31.959541+00:00,2026-08-24T21:21:31.959541+00:00,Sukkur,27.7052,68.8574,33.93,35.57,41,1001,3.66,173,83,1787619602,1787666036,10000,broken clouds,157,157,,,,,,OpenWeather,AQICN-geo
2026-08-24T22:17:20.103386+00:00,2026-08-24T22:17:20.103386+00:00,Sukkur,27.7052,68.8574,33.47,35.27,43,1001,3.76,177,75,1787619602,1787666036,10000,broken clouds,119,119,,,,,,OpenWeather,AQICN-geo
2026-08-24T23:15:59.251112+00:00,2026-08-24T23:15:59.251112+00:00,Sukkur,27.7052,68.8574,32.61,34.99,48,1001,4.63,183,60,1787619602,1787666036,10000,broken clouds,137,137,,,,,,OpenWeather,AQICN-geo
2026-08-25T00:40:06.730547+00:00,2026-08-25T00:40:06.730547+00:00,Sukkur,27.7052,68.8574,30.23,33.07,59,1002,4.65,181,0,1787619602,1787666036,10000,clear sky,137,137,,,,,,OpenWeather,AQICN-geo
2026-08-25T02:14:25.513961+00:00,2026-08-25T02:14:25.513961+00:00,Sukkur,27.7052,68.8574,30.92,34.2,58,1003,4.55,174,0,1787619602,1787666036,10000,clear sky,127,127,,,,,,OpenWeather,AQICN-geo
2026-08-25T03:41:34.762522+00:00,2026-08-25T03:41:34.762522+00:00,Sukkur,27.7052,68.8574,34.38,37.88,46,1004,3.82,173,0,1787619602,1787666036,10000,clear sky,109,109,,,,,,OpenWeather,AQICN-geo
2026-08-25T04:31:14.231822+00:00,2026-08-25T04:31:14.231822+00:00,Sukkur,27.7052,68.8574,34.38,37.88,46,1004,3.82,173,0,1787619602,1787666036,10000,clear sky,154,154,,,,,,OpenWeather,AQICN-geo
2026-08-25T05:24:59.307720+00:00,2026-08-25T05:24:59.307720+00:00,Sukkur,27.7052,68.8574,36.2,39.91,41,1003,3.49,164,0,1787619602,1787666036,10000,clear sky,154,154,,,,,,OpenWeather,AQICN-geo
2026-08-25T06:29:02.448067+00:00,2026-08-25T06:29:02.448067+00:00,Sukkur,27.7052,68.8574,38,41.69,36,1003,3.72,159,0,1787619602,1787666036,10000,clear sky,155,155,,,,,,OpenWeather,AQICN-geo
2026-08-25T07:37:55.026005+00:00,2026-08-25T07:37:55.026005+00:00,Sukkur,27.7052,68.8574,40.53,43.71,29,1002,3.65,157,0,1787619602,1787666036,10000,clear sky,168,168,66,2.8,2.8,3.1,2.4,OpenWeather,AQICN-geo
2026-08-25T08:31:45.204463+00:00,2026-08-25T08:31:45.204463+00:00,Sukkur,27.7052,68.8574,41.4,43.97,26,1000,3.49,158,0,1787619602,1787666036,10000,clear sky,168,168,66,2.8,2.8,3.1,2.4,OpenWeather,AQICN-geo
2026-08-25T09:26:38.956414+00:00,2026-08-25T09:26:38.956414+00:00,Sukkur,27.7052,68.8574,41.4,43.97,26,1000,3.49,158,0,1787619602,1787666036,10000,clear sky,168,168,21,1.6,3.6,3.2,2.9,OpenWeather,AQICN-geo
2026-08-25T10:23:02.048795+00:00,2026-08-25T10:23:02.048795+00:00,Sukkur,27.7052,68.8574,42.04,44.66,25,1000,3.26,159,0,1787619602,1787666036,10000,clear sky,162,162,84,11.8,9.6,33.3,7.9,OpenWeather,AQICN-geo
2026-08-25T11:19:14.818659+00:00,2026-08-25T11:19:14.818659+00:00,Sukkur,27.7052,68.8574,42.27,44.11,23,999,3.26,158,0,1787619602,1787666036,10000,clear sky,127,127,59,1.3,3.6,2.3,4.4,OpenWeather,AQICN-geo
2026-08-25T12:28:03.065212+00:00,2026-08-25T12:28:03.065212+00:00,Sukkur,27.7052,68.8574,41.95,44.02,24,999,3.31,159,0,1787619602,1787666036,10000,clear sky,53,53,45,1.2,3.3,2.2,4.4,OpenWeather,AQICN-geo
2026-08-25T13:42:34.380493+00:00,2026-08-25T13:42:34.380493+00:00,Sukkur,27.7052,68.8574,39.81,41.14,26,999,3.79,170,0,1787619602,1787666036,10000,clear sky,167,167,74,3,3.7,3.7,3.2,OpenWeather,AQICN-geo
2026-08-25T14:36:22.533480+00:00,2026-08-25T14:36:22.533480+00:00,Sukkur,27.7052,68.8574,38.74,40.04,28,1000,4.92,168,0,1787619602,1787666036,10000,clear sky,167,167,74,3,3.7,3.7,3.2,OpenWeather,AQICN-geo
2026-08-25T15:35:26.081289+00:00,2026-08-25T15:35:26.081289+00:00,Sukkur,27.7052,68.8574,38.2,39.45,29,1000,6.2,164,0,1787619602,1787666036,10000,clear sky,65,65,52,1.9,3.6,3.2,3,OpenWeather,AQICN-geo
2026-08-25T16:25:41.295369+00:00,2026-08-25T16:25:41.295369+00:00,Sukkur,27.7052,68.8574,38.2,39.45,29,1000,6.2,164,0,1787619602,1787666036,10000,clear sky,102,102,33,2.8,3.6,3.6,2.5,OpenWeather,AQICN-geo
2026-08-25T17:25:15.111076+00:00,2026-08-25T17:25:15.111076+00:00,Sukkur,27.7052,68.8574,37.64,38.82,30,1000,6.19,159,0,1787619602,1787666036,10000,clear sky,109,109,40,5.5,3.4,5.8,2.6,OpenWeather,AQICN-geo
2026-08-25T18:25:27.307809+00:00,2026-08-25T18:25:27.307809+00:00,Sukkur,27.7052,68.8574,36.6,37.97,33,1001,6.63,179,0,1787619602,1787666036,10000,clear sky,155,155,50,4.6,3.3,5.4,3.9,OpenWeather,AQICN-geo
2026-08-25T19:24:55.992871+00:00,2026-08-25T19:24:55.992871+00:00,Sukkur,27.7052,68.8574,34.5,37.18,43,1001,6.6,195,0,1787706031,1787752374,10000,clear sky,55,55,34,4.6,3.5,5.6,2.6,OpenWeather,AQICN-geo
2026-08-25T20:19:14.169515+00:00,2026-08-25T20:19:14.169515+00:00,Sukkur,27.7052,68.8574,33.44,36.02,46,1001,6.04,199,0,1787706031,1787752374,10000,clear sky,65,65,34,5.2,3.5,5.6,1.9,OpenWeather,AQICN-geo
2026-08-25T21:19:59.783750+00:00,2026-08-25T21:19:59.783750+00:00,Sukkur,27.7052,68.8574,32.94,35.35,47,1001,5.9,198,0,1787706031,1787752374,10000,clear sky,127,127,55,6.7,3.5,5.6,3.3,OpenWeather,AQICN-geo
2026-08-25T22:17:40.578093+00:00,2026-08-25T22:17:40.578093+00:00,Sukkur,27.7052,68.8574,32.09,34.53,50,1001,6,190,0,1787706031,1787752374,10000,clear sky,97,97,63,4.6,3,4.5,2.5,OpenWeather,AQICN-geo
2026-08-25T23:18:34.484262+00:00,2026-08-25T23:18:34.484262+00:00,Sukkur,27.7052,68.8574,31.43,33.56,51,1001,5.31,181,0,1787706031,1787752374,10000,clear sky,95,95,43,4.6,2.8,4.4,1.9,OpenWeather,AQICN-geo
2026-08-26T00:41:21.629180+00:00,2026-08-26T00:41:21.629180+00:00,Sukkur,27.7052,68.8574,29.68,31.7,57,1002,4.89,168,0,1787706031,1787752374,10000,clear sky,82,82,50,4.1,3.2,3.9,2.4,OpenWeather,AQICN-geo
2026-08-26T02:20:53.770609+00:00,2026-08-26T02:20:53.770609+00:00,Sukkur,27.7052,68.8574,29.67,31.85,58,1003,6.01,161,0,1787706031,1787752374,10000,clear sky,82,82,46,4.3,3.7,4.9,2.1,OpenWeather,AQICN-geo
2026-08-26T03:45:50.520878+00:00,2026-08-26T03:45:50.520878+00:00,Sukkur,27.7052,68.8574,33.4,35.94,46,1003,5.7,164,0,1787706031,1787752374,10000,clear sky,164,164,81,3.7,3.5,4.6,2.2,OpenWeather,AQICN-geo
2026-08-26T04:31:35.325466+00:00,2026-08-26T04:31:35.325466+00:00,Sukkur,27.7052,68.8574,35.91,38.3,38,1003,5.34,163,0,1787706031,1787752374,10000,clear sky,164,164,81,3.7,3.5,4.6,2.2,OpenWeather,AQICN-geo
2026-08-26T05:25:35.674752+00:00,2026-08-26T05:25:35.674752+00:00,Sukkur,27.7052,68.8574,35.91,38.3,38,1003,5.34,163,0,1787706031,1787752374,10000,clear sky,89,89,61,2.1,3.5,3.1,1.6,OpenWeather,AQICN-geo
2026-08-26T06:31:35.947720+00:00,2026-08-26T06:31:35.947720+00:00,Sukkur,27.7052,68.8574,39.6,41.95,29,1002,3.82,163,0,1787706031,1787752374,10000,clear sky,112,112,55,1.9,3.6,2.1,3,OpenWeather,AQICN-geo
2026-08-26T07:39:18.802558+00:00,2026-08-26T07:39:18.802558+00:00,Sukkur,27.7052,68.8574,41.05,42.88,25,1001,3.5,156,0,1787706031,1787752374,10000,clear sky,151,151,71,1.2,4.2,2,3.4,OpenWeather,AQICN-geo
2026-08-26T08:32:50.284505+00:00,2026-08-26T08:32:50.284505+00:00,Sukkur,27.7052,68.8574,42.15,43.44,22,1000,3.18,158,0,1787706031,1787752374,10000,clear sky,122,122,65,1,3.9,1.7,3.2,OpenWeather,AQICN-geo
2026-08-26T14:24:33.394392+00:00,2026-08-26T14:24:33.394392+00:00,Sukkur,27.7052,68.8574,40.22,39.69,20,998,4.12,158,0,1787706031,1787752374,10000,clear sky,149,149,64,1,3,2.1,3.3,OpenWeather,AQICN-geo
2026-08-26T18:00:08.454513+00:00,2026-08-26T18:00:08.454513+00:00,Sukkur,27.7052,68.8574,33.82,35.9,43,999,8.42,186,0,1787706031,1787752374,10000,clear sky,129,129,84,3.9,3.4,5.1,2.4,OpenWeather,AQICN-geo
2026-08-26T19:42:41.288378+00:00,2026-08-26T19:42:41.288378+00:00,Sukkur,27.7052,68.8574,31.88,33.47,47,1000,7.8,188,4,1787792460,1787838712,10000,clear sky,68,68,64,1.4,3.6,3.1,2.6,OpenWeather,AQICN-geo
2026-08-26T19:58:36.267759+00:00,2026-08-26T19:58:36.267759+00:00,Sukkur,27.7052,68.8574,31.88,33.47,47,1000,7.8,188,4,1787792460,1787838712,10000,clear sky,68,68,64,1.4,3.6,3.1,2.6,OpenWeather,AQICN-geo
2026-08-26T22:40:19.270115+00:00,2026-08-26T22:40:19.270115+00:00,Sukkur,27.7052,68.8574,29.66,31.49,56,999,6.24,179,6,1787792460,1787838712,10000,clear sky,74,74,56,1,3.7,2.5,2.2,OpenWeather,AQICN-geo
2026-08-27T00:15:07.532780+00:00,2026-08-27T00:15:07.532780+00:00,Sukkur,27.7052,68.8574,28.86,30.8,60,999,6,172,14,1787792460,1787838712,10000,few clouds,89,89,57,1,3.6,2.4,2.4,OpenWeather,AQICN-geo
2026-08-27T04:12:12.344521+00:00,2026-08-27T04:12:12.344521+00:00,Sukkur,27.7052,68.8574,32.44,34.93,49,1002,5.37,164,35,1787792460,1787838712,10000,scattered clouds,89,89,63,1.4,3.5,2.2,2.8,OpenWeather,AQICN-geo
2026-08-27T07:57:37.867436+00:00,2026-08-27T07:57:37.867436+00:00,Sukkur,27.7052,68.8574,41.33,43.38,25,999,4.54,163,31,1787792460,1787838712,10000,scattered clouds,112,112,87,3.7,3.5,1.6,2.7,OpenWeather,AQICN-geo
2026-08-27T16:03:48.008961+00:00,2026-08-27T16:03:48.008961+00:00,Sukkur,27.7052,68.8574,36.96,38.29,32,998,8.69,179,10,1787792460,1787838712,10000,clear sky,114,114,94,10,3.4,5.2,2.6,OpenWeather,AQICN-geo
2026-08-27T19:40:40.738285+00:00,2026-08-27T19:40:40.738285+00:00,Sukkur,27.7052,68.8574,31.41,33.53,51,999,7.74,178,1,1787878889,1787925048,10000,clear sky,151,151,94,6.7,3,3.8,2.5,OpenWeather,AQICN-geo
2026-08-28T06:00:12.644365+00:00,2026-08-28T06:00:12.644365+00:00,Sukkur,27.7052,68.8574,37.09,39.17,34,1001,4.13,162,79,1787878889,1787925048,10000,broken clouds,227,227,92,0.7,2.5,1.6,2.7,OpenWeather,AQICN-geo
2026-08-28T18:34:20.678000+00:00,2026-08-28T18:34:20.678000+00:00,Sukkur,27.7052,68.8574,33.14,34.7,43,998,6.72,178,96,1787878889,1787925048,10000,overcast clouds,71,59,71,3.9,2.2,3.1,2.6,OpenWeather,AQICN-geo
2026-08-29T02:01:05.529725+00:00,2026-08-29T02:01:05.529725+00:00,Sukkur,27.7052,68.8574,28.98,31.15,61,999,5.25,168,4,1787965318,1788011384,10000,clear sky,59,38,59,1.9,2,2,2.4,OpenWeather,AQICN-geo
2026-08-29T09:48:41.166925+00:00,2026-08-29T09:48:41.166925+00:00,Sukkur,27.7052,68.8574,43.86,43.34,16,996,3.57,157,8,1787965318,1788011384,10000,clear sky,57,21,57,1.9,1.8,1.7,4.2,OpenWeather,AQICN-geo
2026-08-29T14:57:49.334235+00:00,2026-08-29T14:57:49.334235+00:00,Sukkur,27.7052,68.8574,39.38,37.98,18,996,5.06,136,2,1787965318,1788011384,10000,clear sky,74,53,74,2.5,1.8,4.8,1.9,OpenWeather,AQICN-geo
2026-08-29T18:18:10.212555+00:00,2026-08-29T18:18:10.212555+00:00,Sukkur,27.7052,68.8574,32.15,34.64,50,997,8.58,175,3,1787965318,1788011384,10000,clear sky,97,97,76,4,1.6,5.4,2.6,OpenWeather,AQICN-geo
2026-08-29T21:32:50.776949+00:00,2026-08-29T21:32:50.776949+00:00,Sukkur,27.7052,68.8574,28.21,30.39,65,997,6.88,171,3,1788051746,1788097720,10000,clear sky,57,46,57,3.2,2,3.7,2.1,OpenWeather,AQICN-geo
2026-08-29T23:56:43.039835+00:00,2026-08-29T23:56:43.039835+00:00,Sukkur,27.7052,68.8574,27.51,29.43,67,998,4.83,166,8,1788051746,1788097720,10000,clear sky,52,13,52,1.9,1.5,2.3,2.5,OpenWeather,AQICN-geo
2026-08-30T04:31:20.659314+00:00,2026-08-30T04:31:20.659314+00:00,Sukkur,27.7052,68.8574,34.76,37.07,41,1001,3.92,145,13,1788051746,1788097720,10000,few clouds,51,30,51,1.9,1.7,2.3,2.7,OpenWeather,AQICN-geo
2026-08-30T10:19:23.855118+00:00,2026-08-30T10:19:23.855118+00:00,Sukkur,27.7052,68.8574,43.48,43.72,18,997,4.87,151,77,1788051746,1788097720,10000,broken clouds,83,50,83,1,1.5,1.9,4.6,OpenWeather,AQICN-geo
2026-08-30T15:12:46.843017+00:00,2026-08-30T15:12:46.843017+00:00,Sukkur,27.7052,68.8574,38.07,38.3,26,998,6.25,155,67,1788051746,1788097720,10000,broken clouds,75,72,75,1.9,1.6,3.4,3.5,OpenWeather,AQICN-geo
2026-08-30T19:06:45.502672+00:00,2026-08-30T19:06:45.502672+00:00,Sukkur,27.7052,68.8574,30.23,32.66,57,1000,7.45,181,99,1788138175,1788184054,10000,overcast clouds,85,85,85,2.8,1.6,4.9,2.8,OpenWeather,AQICN-geo
2026-08-30T22:29:07.114041+00:00,2026-08-30T22:29:07.114041+00:00,Sukkur,27.7052,68.8574,28.22,30.41,65,999,6.25,163,100,1788138175,1788184054,10000,overcast clouds,51,13,51,1,1.7,3,2.8,OpenWeather,AQICN-geo
