timestamp,collection_timestamp,city,latitude,longitude,temperature,feels_like,humidity,pressure,wind_speed,wind_direction,clouds,visibility,weather,aqi,pm2_5,pm10,co,so2,no2,o3,weather_source,aqi_source
2026-08-21T00:00:00+00:00,2026-08-21T00:00:00+00:00,Sukkur,27.732864,68.865166,29.8,33.0,64,992.8,12.5,164,34,,mainly clear,76,24.0,,,,,,Open-Meteo Archive,OpenAQ-v3
2026-08-21T01:00:00+00:00,2026-08-21T01:00:00+00:00,Sukkur,27.732864,68.865166,29.1,32.2,67,993.5,13.4,163,1,,clear sky,80,26.0,,,,,,Open-Meteo Archive,OpenAQ-v3
2026-08-21T02:00:00+00:00,2026-08-21T02:00:00+00:00,Sukkur,27.732864,68.865166,28.9,31.8,68,994.3,14.8,156,12,,clear sky,117,42.0,,,,,,Open-Meteo Archive,OpenAQ-v3
2026-08-21T03:00:00+00:00,2026-08-21T03:00:00+00:00,Sukkur,27.732864,68.865166,29.8,32.9,65,994.5,14.1,158,11,,clear sky,91,31.0,,,,,,Open-Meteo Archive,OpenAQ-v3
2026-08-21T04:00:00+00:00,2026-08-21T04:00:00+00:00,Sukkur,27.732864,68.865166,31.7,34.8,59,994.7,14.0,165,1,,clear sky,80,26.0,,,,,,Open-Meteo Archive,OpenAQ-v3
2026-08-21T05:00:00+00:00,2026-08-21T05:00:00+00:00,Sukkur,27.732864,68.865166,33.8,37.0,51,994.6,13.4,162,0,,clear sky,82,27.0,,,,,,Open-Meteo Archive,OpenAQ-v3
2026-08-21T06:00:00+00:00,2026-08-21T06:00:00+00:00,Sukkur,27.732864,68.865166,35.6,39.6,46,994.4,13.4,160,0,,clear sky,78,25.0,,,,,,Open-Meteo Archive,OpenAQ-v3
2026-08-21T07:00:00+00:00,2026-08-21T07:00:00+00:00,Sukkur,27.732864,68.865166,37.1,41.6,42,993.8,12.3,158,0,,clear sky,74,23.0,,,,,,Open-Meteo Archive,OpenAQ-v3
2026-08-21T08:00:00+00:00,2026-08-21T08:00:00+00:00,Sukkur,27.732864,68.865166,38.4,42.9,38,993.0,12.4,152,1,,clear sky,72,22.0,,,,,,Open-Meteo Archive,OpenAQ-v3
2026-08-21T09:00:00+00:00,2026-08-21T09:00:00+00:00,Sukkur,27.732864,68.865166,39.0,43.1,37,992.2,13.6,146,2,,clear sky,66,19.0,,,,,,Open-Meteo Archive,OpenAQ-v3
2026-08-21T10:00:00+00:00,2026-08-21T10:00:00+00:00,Sukkur,27.732864,68.865166,39.3,42.6,36,991.1,14.4,144,4,,clear sky,68,20.0,,,,,,Open-Meteo Archive,OpenAQ-v3
2026-08-21T11:00:00+00:00,2026-08-21T11:00:00+00:00,Sukkur,27.732864,68.865166,39.1,41.6,36,990.2,14.2,147,2,,clear sky,66,19.0,,,,,,Open-Meteo Archive,OpenAQ-v3
2026-08-21T12:00:00+00:00,2026-08-21T12:00:00+00:00,Sukkur,27.732864,68.865166,39.1,41.5,34,990.5,11.1,141,1,,clear sky,66,19.0,,,,,,Open-Meteo Archive,OpenAQ-v3
2026-08-21T13:00:00+00:00,2026-08-21T13:00:00+00:00,Sukkur,27.732864,68.865166,38.1,40.4,35,990.2,11.5,138,0,,clear sky,74,23.0,,,,,,Open-Meteo Archive,OpenAQ-v3
2026-08-21T14:00:00+00:00,2026-08-21T14:00:00+00:00,Sukkur,27.732864,68.865166,36.8,39.0,39,990.2,12.9,143,0,,clear sky,91,31.0,,,,,,Open-Meteo Archive,OpenAQ-v3
2026-08-21T15:00:00+00:00,2026-08-21T15:00:00+00:00,Sukkur,27.732864,68.865166,36.3,38.4,41,990.3,15.3,148,0,,clear sky,87,29.0,,,,,,Open-Meteo Archive,OpenAQ-v3
2026-08-21T16:00:00+00:00,2026-08-21T16:00:00+00:00,Sukkur,27.732864,68.865166,36.0,38.7,43,991.0,13.6,150,0,,clear sky,89,30.0,,,,,,Open-Meteo Archive,OpenAQ-v3
2026-08-21T17:00:00+00:00,2026-08-21T17:00:00+00:00,Sukkur,27.732864,68.865166,35.6,37.6,45,991.5,19.1,181,0,,clear sky,82,27.0,,,,,,Open-Meteo Archive,OpenAQ-v3
2026-08-21T18:00:00+00:00,2026-08-21T18:00:00+00:00,Sukkur,27.732864,68.865166,34.2,36.6,50,991.8,18.3,190,0,,clear sky,78,25.0,,,,,,Open-Meteo Archive,OpenAQ-v3
2026-08-21T19:00:00+00:00,2026-08-21T19:00:00+00:00,Sukkur,27.732864,68.865166,32.6,34.7,55,992.0,19.8,183,0,,clear sky,82,27.0,,,,,,Open-Meteo Archive,OpenAQ-v3
2026-08-21T20:00:00+00:00,2026-08-21T20:00:00+00:00,Sukkur,27.732864,68.865166,31.3,33.6,58,992.1,18.0,176,0,,clear sky,109,65.2,,,,,,Open-Meteo Archive,OpenMeteo-AirQuality
2026-08-21T21:00:00+00:00,2026-08-21T21:00:00+00:00,Sukkur,27.732864,68.865166,30.3,32.7,62,991.8,17.1,171,0,,clear sky,110,62.6,,,,,,Open-Meteo Archive,OpenMeteo-AirQuality
2026-08-21T22:00:00+00:00,2026-08-21T22:00:00+00:00,Sukkur,27.732864,68.865166,29.4,31.8,65,991.6,17.7,171,0,,clear sky,110,56.1,,,,,,Open-Meteo Archive,OpenMeteo-AirQuality
2026-08-21T23:00:00+00:00,2026-08-21T23:00:00+00:00,Sukkur,27.732864,68.865166,28.5,31.1,69,991.6,17.1,172,0,,clear sky,110,47.6,,,,,,Open-Meteo Archive,OpenMeteo-AirQuality
2026-08-22T00:00:00+00:00,2026-08-22T00:00:00+00:00,Sukkur,27.732864,68.865166,28.7,31.4,69,991.7,16.6,171,0,,clear sky,110,45.2,,,,,,Open-Meteo Archive,OpenMeteo-AirQuality
2026-08-22T01:00:00+00:00,2026-08-22T01:00:00+00:00,Sukkur,27.732864,68.865166,28.0,31.2,73,992.2,14.2,165,0,,clear sky,111,37.4,,,,,,Open-Meteo Archive,OpenMeteo-AirQuality
2026-08-22T02:00:00+00:00,2026-08-22T02:00:00+00:00,Sukkur,27.732864,68.865166,28.3,31.5,72,993.0,14.0,157,0,,clear sky,82,27.0,,,,,,Open-Meteo Archive,OpenAQ-v3
2026-08-22T03:00:00+00:00,2026-08-22T03:00:00+00:00,Sukkur,27.732864,68.865166,29.4,32.6,68,993.3,14.1,159,0,,clear sky,76,24.0,,,,,,Open-Meteo Archive,OpenAQ-v3
2026-08-22T04:00:00+00:00,2026-08-22T04:00:00+00:00,Sukkur,27.732864,68.865166,31.1,34.5,62,993.5,13.5,161,0,,clear sky,72,22.0,,,,,,Open-Meteo Archive,OpenAQ-v3
2026-08-22T05:00:00+00:00,2026-08-22T05:00:00+00:00,Sukkur,27.732864,68.865166,33.1,36.8,55,993.6,12.1,157,0,,clear sky,72,22.0,,,,,,Open-Meteo Archive,OpenAQ-v3
2026-08-22T06:00:00+00:00,2026-08-22T06:00:00+00:00,Sukkur,27.732864,68.865166,34.9,39.7,50,993.1,10.7,147,0,,clear sky,72,22.0,,,,,,Open-Meteo Archive,OpenAQ-v3
2026-08-22T07:00:00+00:00,2026-08-22T07:00:00+00:00,Sukkur,27.732864,68.865166,36.6,41.9,46,992.5,11.0,139,0,,clear sky,72,22.0,,,,,,Open-Meteo Archive,OpenAQ-v3
2026-08-22T08:00:00+00:00,2026-08-22T08:00:00+00:00,Sukkur,27.732864,68.865166,37.9,43.0,42,991.3,12.2,143,0,,clear sky,72,22.0,,,,,,Open-Meteo Archive,OpenAQ-v3
2026-08-22T09:00:00+00:00,2026-08-22T09:00:00+00:00,Sukkur,27.732864,68.865166,38.9,43.6,39,990.4,12.7,148,0,,clear sky,72,22.0,,,,,,Open-Meteo Archive,OpenAQ-v3
2026-08-22T10:00:00+00:00,2026-08-22T10:00:00+00:00,Sukkur,27.732864,68.865166,39.5,43.3,37,989.2,13.0,149,0,,clear sky,72,22.0,,,,,,Open-Meteo Archive,OpenAQ-v3
2026-08-22T11:00:00+00:00,2026-08-22T11:00:00+00:00,Sukkur,27.732864,68.865166,39.6,42.3,36,988.7,14.2,151,0,,clear sky,123,47.7,,,,,,Open-Meteo Archive,OpenMeteo-AirQuality
2026-08-22T12:00:00+00:00,2026-08-22T12:00:00+00:00,Sukkur,27.732864,68.865166,39.3,41.5,36,988.0,16.0,156,1,,clear sky,125,52.7,,,,,,Open-Meteo Archive,OpenMeteo-AirQuality
2026-08-22T13:00:00+00:00,2026-08-22T13:00:00+00:00,Sukkur,27.732864,68.865166,38.6,40.8,37,987.7,15.6,154,1,,clear sky,126,57.9,,,,,,Open-Meteo Archive,OpenMeteo-AirQuality
2026-08-22T14:00:00+00:00,2026-08-22T14:00:00+00:00,Sukkur,27.732864,68.865166,37.5,40.0,40,987.5,15.6,147,0,,clear sky,128,60.5,,,,,,Open-Meteo Archive,OpenMeteo-AirQuality
2026-08-22T15:00:00+00:00,2026-08-22T15:00:00+00:00,Sukkur,27.732864,68.865166,37.1,39.4,42,988.2,17.0,154,0,,clear sky,130,60.3,,,,,,Open-Meteo Archive,OpenMeteo-AirQuality
2026-08-22T16:00:00+00:00,2026-08-22T16:00:00+00:00,Sukkur,27.732864,68.865166,36.3,38.5,44,989.2,18.6,165,0,,clear sky,131,60.1,,,,,,Open-Meteo Archive,OpenMeteo-AirQuality
2026-08-22T17:00:00+00:00,2026-08-22T17:00:00+00:00,Sukkur,27.732864,68.865166,34.8,36.8,49,990.3,20.7,180,0,,clear sky,133,63.6,,,,,,Open-Meteo Archive,OpenMeteo-AirQuality
2026-08-22T18:00:00+00:00,2026-08-22T18:00:00+00:00,Sukkur,27.732864,68.865166,33.3,35.4,53,990.5,20.2,179,3,,clear sky,134,67.1,,,,,,Open-Meteo Archive,OpenMeteo-AirQuality
2026-08-22T19:00:00+00:00,2026-08-22T19:00:00+00:00,Sukkur,27.732864,68.865166,31.9,34.4,57,991.1,18.4,164,0,,clear sky,135,67.1,,,,,,Open-Meteo Archive,OpenMeteo-AirQuality
2026-08-22T20:00:00+00:00,2026-08-22T20:00:00+00:00,Sukkur,27.732864,68.865166,30.7,33.1,62,991.0,19.1,166,13,,clear sky,135,65.4,,,,,,Open-Meteo Archive,OpenMeteo-AirQuality
2026-08-22T21:00:00+00:00,2026-08-22T21:00:00+00:00,Sukkur,27.732864,68.865166,29.8,32.5,66,990.2,17.9,168,0,,clear sky,135,60.1,,,,,,Open-Meteo Archive,OpenMeteo-AirQuality
2026-08-22T22:00:00+00:00,2026-08-22T22:00:00+00:00,Sukkur,27.732864,68.865166,29.1,32.0,69,989.7,16.6,167,0,,clear sky,135,50.5,,,,,,Open-Meteo Archive,OpenMeteo-AirQuality
2026-08-22T23:00:00+00:00,2026-08-22T23:00:00+00:00,Sukkur,27.732864,68.865166,28.4,31.7,72,989.7,14.4,154,0,,clear sky,134,39.0,,,,,,Open-Meteo Archive,OpenMeteo-AirQuality
2026-08-23T00:00:00+00:00,2026-08-23T00:00:00+00:00,Sukkur,27.732864,68.865166,27.7,30.9,74,991.8,14.1,150,0,,clear sky,74,23.0,,,,,,Open-Meteo Archive,OpenAQ-v3
2026-08-23T01:00:00+00:00,2026-08-23T01:00:00+00:00,Sukkur,27.732864,68.865166,27.2,30.6,76,992.4,12.6,143,0,,clear sky,78,25.0,,,,,,Open-Meteo Archive,OpenAQ-v3
2026-08-23T02:00:00+00:00,2026-08-23T02:00:00+00:00,Sukkur,27.732864,68.865166,27.6,30.8,74,993.4,13.5,142,0,,clear sky,78,25.0,,,,,,Open-Meteo Archive,OpenAQ-v3
2026-08-23T03:00:00+00:00,2026-08-23T03:00:00+00:00,Sukkur,27.732864,68.865166,28.6,31.9,70,994.0,13.6,145,0,,clear sky,78,25.0,,,,,,Open-Meteo Archive,OpenAQ-v3
2026-08-23T04:00:00+00:00,2026-08-23T04:00:00+00:00,Sukkur,27.732864,68.865166,30.1,33.9,65,994.7,10.6,148,0,,clear sky,78,25.0,,,,,,Open-Meteo Archive,OpenAQ-v3
2026-08-23T05:00:00+00:00,2026-08-23T05:00:00+00:00,Sukkur,27.732864,68.865166,31.8,35.9,59,995.0,9.6,137,1,,clear sky,78,25.0,,,,,,Open-Meteo Archive,OpenAQ-v3
2026-08-23T06:00:00+00:00,2026-08-23T06:00:00+00:00,Sukkur,27.732864,68.865166,33.5,38.5,53,995.2,8.5,132,1,,clear sky,78,25.0,,,,,,Open-Meteo Archive,OpenAQ-v3
2026-08-23T07:00:00+00:00,2026-08-23T07:00:00+00:00,Sukkur,27.732864,68.865166,35.0,40.3,48,994.8,9.4,120,1,,clear sky,78,25.0,,,,,,Open-Meteo Archive,OpenAQ-v3
2026-08-23T08:00:00+00:00,2026-08-23T08:00:00+00:00,Sukkur,27.732864,68.865166,36.1,41.0,45,993.8,11.8,115,0,,clear sky,119,29.7,,,,,,Open-Meteo Archive,OpenMeteo-AirQuality
2026-08-23T09:00:00+00:00,2026-08-23T09:00:00+00:00,Sukkur,27.732864,68.865166,36.9,41.4,42,993.0,11.7,119,0,,clear sky,118,29.6,,,,,,Open-Meteo Archive,OpenMeteo-AirQuality
2026-08-23T10:00:00+00:00,2026-08-23T10:00:00+00:00,Sukkur,27.732864,68.865166,37.4,41.5,40,992.4,10.3,125,0,,clear sky,117,29.6,,,,,,Open-Meteo Archive,OpenMeteo-AirQuality
2026-08-23T11:00:00+00:00,2026-08-23T11:00:00+00:00,Sukkur,27.732864,68.865166,37.5,40.5,40,991.8,10.8,126,0,,clear sky,115,29.7,,,,,,Open-Meteo Archive,OpenMeteo-AirQuality
2026-08-23T12:00:00+00:00,2026-08-23T12:00:00+00:00,Sukkur,27.732864,68.865166,36.9,39.6,41,991.5,12.9,118,0,,clear sky,113,30.2,,,,,,Open-Meteo Archive,OpenMeteo-AirQuality
2026-08-23T13:00:00+00:00,2026-08-23T13:00:00+00:00,Sukkur,27.732864,68.865166,36.0,38.8,43,991.5,11.7,119,0,,clear sky,111,31.0,,,,,,Open-Meteo Archive,OpenMeteo-AirQuality
2026-08-23T14:00:00+00:00,2026-08-23T14:00:00+00:00,Sukkur,27.732864,68.865166,35.1,38.4,46,992.1,8.9,124,0,,clear sky,109,32.4,,,,,,Open-Meteo Archive,OpenMeteo-AirQuality
2026-08-23T15:00:00+00:00,2026-08-23T15:00:00+00:00,Sukkur,27.732864,68.865166,34.3,37.4,48,992.8,11.0,111,0,,clear sky,107,34.0,,,,,,Open-Meteo Archive,OpenMeteo-AirQuality
2026-08-23T16:00:00+00:00,2026-08-23T16:00:00+00:00,Sukkur,27.732864,68.865166,33.5,36.3,50,993.9,13.0,104,0,,clear sky,105,35.3,,,,,,Open-Meteo Archive,OpenMeteo-AirQuality
2026-08-23T17:00:00+00:00,2026-08-23T17:00:00+00:00,Sukkur,27.732864,68.865166,33.0,35.6,52,994.6,15.0,125,0,,clear sky,103,36.1,,,,,,Open-Meteo Archive,OpenMeteo-AirQuality
2026-08-23T18:00:00+00:00,2026-08-23T18:00:00+00:00,Sukkur,27.732864,68.865166,32.5,35.1,54,994.9,14.9,136,0,,clear sky,101,35.7,,,,,,Open-Meteo Archive,OpenMeteo-AirQuality
2026-08-23T19:00:00+00:00,2026-08-23T19:00:00+00:00,Sukkur,27.732864,68.865166,31.9,34.5,56,994.9,16.0,141,0,,clear sky,99,34.5,,,,,,Open-Meteo Archive,OpenMeteo-AirQuality
2026-08-23T20:00:00+00:00,2026-08-23T20:00:00+00:00,Sukkur,27.732864,68.865166,31.4,34.2,59,994.4,15.6,146,0,,clear sky,96,33.4,,,,,,Open-Meteo Archive,OpenMeteo-AirQuality
2026-08-23T21:00:00+00:00,2026-08-23T21:00:00+00:00,Sukkur,27.732864,68.865166,31.0,34.2,60,994.0,12.9,152,0,,clear sky,94,33.9,,,,,,Open-Meteo Archive,OpenMeteo-AirQuality
2026-08-23T22:00:00+00:00,2026-08-23T22:00:00+00:00,Sukkur,27.732864,68.865166,30.7,34.3,62,993.5,10.3,164,0,,clear sky,93,36.3,,,,,,Open-Meteo Archive,OpenMeteo-AirQuality
2026-08-23T23:00:00+00:00,2026-08-23T23:00:00+00:00,Sukkur,27.732864,68.865166,30.3,34.1,64,993.4,10.1,163,0,,clear sky,92,40.5,,,,,,Open-Meteo Archive,OpenMeteo-AirQuality
2026-08-24T00:00:00+00:00,2026-08-24T00:00:00+00:00,Sukkur,27.732864,68.865166,29.4,33.7,70,994.7,9.1,172,0,,clear sky,68,20.0,,,,,,Open-Meteo Archive,OpenAQ-v3
2026-08-24T01:00:00+00:00,2026-08-24T01:00:00+00:00,Sukkur,27.732864,68.865166,29.1,33.7,71,995.3,7.6,184,0,,clear sky,102,36.0,,,,,,Open-Meteo Archive,OpenAQ-v3
2026-08-24T02:00:00+00:00,2026-08-24T02:00:00+00:00,Sukkur,27.732864,68.865166,29.6,33.9,68,995.9,8.6,190,0,,clear sky,102,36.0,,,,,,Open-Meteo Archive,OpenAQ-v3
2026-08-24T03:00:00+00:00,2026-08-24T03:00:00+00:00,Sukkur,27.732864,68.865166,30.7,35.6,64,996.7,4.5,203,0,,clear sky,102,36.0,,,,,,Open-Meteo Archive,OpenAQ-v3
2026-08-24T04:00:00+00:00,2026-08-24T04:00:00+00:00,Sukkur,27.732864,68.865166,32.4,37.7,58,997.0,1.6,243,0,,clear sky,102,36.0,,,,,,Open-Meteo Archive,OpenAQ-v3
2026-08-24T05:00:00+00:00,2026-08-24T05:00:00+00:00,Sukkur,27.732864,68.865166,34.0,39.2,52,997.0,1.3,16,0,,clear sky,102,36.0,,,,,,Open-Meteo Archive,OpenAQ-v3
2026-08-24T06:00:00+00:00,2026-08-24T06:00:00+00:00,Sukkur,27.732864,68.865166,35.4,41.0,47,997.0,4.0,63,0,,clear sky,102,36.0,,,,,,Open-Meteo Archive,OpenAQ-v3
2026-08-24T07:00:00+00:00,2026-08-24T07:00:00+00:00,Sukkur,27.732864,68.865166,36.4,42.0,43,996.5,6.0,81,0,,clear sky,102,36.0,,,,,,Open-Meteo Archive,OpenAQ-v3
2026-08-24T08:00:00+00:00,2026-08-24T08:00:00+00:00,Sukkur,27.732864,68.865166,37.0,42.6,42,995.6,7.2,87,3,,clear sky,112,44.8,,,,,,Open-Meteo Archive,OpenMeteo-AirQuality
2026-08-24T09:00:00+00:00,2026-08-24T09:00:00+00:00,Sukkur,27.732864,68.865166,37.5,42.3,40,994.6,8.5,95,9,,clear sky,114,43.9,,,,,,Open-Meteo Archive,OpenMeteo-AirQuality
2026-08-24T10:00:00+00:00,2026-08-24T10:00:00+00:00,Sukkur,27.732864,68.865166,37.5,41.5,39,993.9,8.7,107,5,,clear sky,115,42.8,,,,,,Open-Meteo Archive,OpenMeteo-AirQuality
2026-08-24T11:00:00+00:00,2026-08-24T11:00:00+00:00,Sukkur,27.732864,68.865166,37.7,40.7,36,992.8,6.4,101,4,,clear sky,116,44.2,,,,,,Open-Meteo Archive,OpenMeteo-AirQuality
2026-08-24T12:00:00+00:00,2026-08-24T12:00:00+00:00,Sukkur,27.732864,68.865166,37.5,40.3,36,992.5,6.5,85,5,,clear sky,118,44.0,,,,,,Open-Meteo Archive,OpenMeteo-AirQuality
2026-08-24T13:00:00+00:00,2026-08-24T13:00:00+00:00,Sukkur,27.732864,68.865166,36.7,39.8,38,992.5,5.6,59,8,,clear sky,119,43.0,,,,,,Open-Meteo Archive,OpenMeteo-AirQuality
2026-08-24T14:00:00+00:00,2026-08-24T14:00:00+00:00,Sukkur,27.732864,68.865166,35.5,38.8,43,992.9,6.5,28,4,,clear sky,119,44.5,,,,,,Open-Meteo Archive,OpenMeteo-AirQuality
2026-08-24T15:00:00+00:00,2026-08-24T15:00:00+00:00,Sukkur,27.732864,68.865166,34.7,38.5,46,993.5,5.1,48,2,,clear sky,120,47.4,,,,,,Open-Meteo Archive,OpenMeteo-AirQuality
2026-08-24T16:00:00+00:00,2026-08-24T16:00:00+00:00,Sukkur,27.732864,68.865166,34.1,38.5,50,994.1,4.5,95,3,,clear sky,121,44.2,,,,,,Open-Meteo Archive,OpenMeteo-AirQuality
2026-08-24T17:00:00+00:00,2026-08-24T17:00:00+00:00,Sukkur,27.732864,68.865166,33.5,37.7,54,994.2,7.3,136,1,,clear sky,121,39.0,,,,,,Open-Meteo Archive,OpenMeteo-AirQuality
2026-08-24T18:00:00+00:00,2026-08-24T18:00:00+00:00,Sukkur,27.732864,68.865166,33.0,36.7,54,994.2,9.4,167,1,,clear sky,121,33.4,,,,,,Open-Meteo Archive,OpenMeteo-AirQuality
2026-08-24T19:00:00+00:00,2026-08-24T19:00:00+00:00,Sukkur,27.732864,68.865166,33.1,35.7,50,994.5,13.0,181,1,,clear sky,121,29.9,,,,,,Open-Meteo Archive,OpenMeteo-AirQuality
2026-08-24T20:00:00+00:00,2026-08-24T20:00:00+00:00,Sukkur,27.732864,68.865166,32.3,35.8,58,994.2,13.5,175,0,,clear sky,120,28.7,,,,,,Open-Meteo Archive,OpenMeteo-AirQuality
2026-08-24T21:00:00+00:00,2026-08-24T21:00:00+00:00,Sukkur,27.732864,68.865166,31.7,35.6,62,993.7,12.8,177,0,,clear sky,120,29.8,,,,,,Open-Meteo Archive,OpenMeteo-AirQuality
2026-08-24T22:00:00+00:00,2026-08-24T22:00:00+00:00,Sukkur,27.732864,68.865166,31.3,35.3,64,993.0,11.7,180,0,,clear sky,119,32.7,,,,,,Open-Meteo Archive,OpenMeteo-AirQuality
2026-08-24T23:00:00+00:00,2026-08-24T23:00:00+00:00,Sukkur,27.732864,68.865166,30.9,35.1,65,992.7,11.7,183,0,,clear sky,119,36.0,,,,,,Open-Meteo Archive,OpenMeteo-AirQuality
2026-08-25T00:00:00+00:00,2026-08-25T00:00:00+00:00,Sukkur,27.732864,68.865166,30.3,34.9,69,993.8,10.0,187,0,,clear sky,97,34.0,,,,,,Open-Meteo Archive,OpenAQ-v3
2026-08-25T01:00:00+00:00,2026-08-25T01:00:00+00:00,Sukkur,27.732864,68.865166,29.9,34.5,71,994.1,10.3,185,0,,clear sky,124,45.0,,,,,,Open-Meteo Archive,OpenAQ-v3
2026-08-25T02:00:00+00:00,2026-08-25T02:00:00+00:00,Sukkur,27.732864,68.865166,30.1,34.4,69,994.7,10.8,185,0,,clear sky,124,45.0,,,,,,Open-Meteo Archive,OpenAQ-v3
2026-08-25T03:00:00+00:00,2026-08-25T03:00:00+00:00,Sukkur,27.732864,68.865166,31.2,35.6,64,995.3,8.8,185,0,,clear sky,124,45.0,,,,,,Open-Meteo Archive,OpenAQ-v3
2026-08-25T04:00:00+00:00,2026-08-25T04:00:00+00:00,Sukkur,27.732864,68.865166,33.1,37.6,57,995.8,8.0,172,0,,clear sky,124,45.0,,,,,,Open-Meteo Archive,OpenAQ-v3
2026-08-25T05:00:00+00:00,2026-08-25T05:00:00+00:00,Sukkur,27.732864,68.865166,35.1,39.6,50,995.7,7.9,159,0,,clear sky,124,45.0,,,,,,Open-Meteo Archive,OpenAQ-v3
2026-08-25T06:00:00+00:00,2026-08-25T06:00:00+00:00,Sukkur,27.732864,68.865166,36.9,42.2,44,995.8,7.2,148,0,,clear sky,124,45.0,,,,,,Open-Meteo Archive,OpenAQ-v3
2026-08-25T07:00:00+00:00,2026-08-25T07:00:00+00:00,Sukkur,27.732864,68.865166,38.3,43.6,39,995.4,8.0,134,0,,clear sky,124,45.0,,,,,,Open-Meteo Archive,OpenAQ-v3
2026-08-25T08:00:00+00:00,2026-08-25T08:00:00+00:00,Sukkur,27.732864,68.865166,39.1,44.1,36,994.5,9.1,129,3,,clear sky,126,58.4,,,,,,Open-Meteo Archive,OpenMeteo-AirQuality
2026-08-25T09:00:00+00:00,2026-08-25T09:00:00+00:00,Sukkur,27.732864,68.865166,39.7,44.1,34,993.6,9.5,129,3,,clear sky,128,59.1,,,,,,Open-Meteo Archive,OpenMeteo-AirQuality
2026-08-25T10:00:00+00:00,2026-08-25T10:00:00+00:00,Sukkur,27.732864,68.865166,40.0,43.6,33,992.6,9.1,129,3,,clear sky,130,57.5,,,,,,Open-Meteo Archive,OpenMeteo-AirQuality
2026-08-25T11:00:00+00:00,2026-08-25T11:00:00+00:00,Sukkur,27.732864,68.865166,40.0,42.5,31,992.1,8.6,131,2,,clear sky,131,56.7,,,,,,Open-Meteo Archive,OpenMeteo-AirQuality
2026-08-25T12:00:00+00:00,2026-08-25T12:00:00+00:00,Sukkur,27.732864,68.865166,39.7,42.0,31,991.8,7.7,127,4,,clear sky,133,54.8,,,,,,Open-Meteo Archive,OpenMeteo-AirQuality
2026-08-25T13:00:00+00:00,2026-08-25T13:00:00+00:00,Sukkur,27.732864,68.865166,38.8,40.8,32,991.9,9.1,120,4,,clear sky,134,53.2,,,,,,Open-Meteo Archive,OpenMeteo-AirQuality
2026-08-25T14:00:00+00:00,2026-08-25T14:00:00+00:00,Sukkur,27.732864,68.865166,37.3,39.5,36,992.2,10.0,120,2,,clear sky,134,52.4,,,,,,Open-Meteo Archive,OpenMeteo-AirQuality
2026-08-25T15:00:00+00:00,2026-08-25T15:00:00+00:00,Sukkur,27.732864,68.865166,36.6,38.5,37,992.8,12.1,139,1,,clear sky,134,52.0,,,,,,Open-Meteo Archive,OpenMeteo-AirQuality
2026-08-25T16:00:00+00:00,2026-08-25T16:00:00+00:00,Sukkur,27.732864,68.865166,36.2,37.9,38,993.4,13.4,154,0,,clear sky,134,48.9,,,,,,Open-Meteo Archive,OpenMeteo-AirQuality
2026-08-25T17:00:00+00:00,2026-08-25T17:00:00+00:00,Sukkur,27.732864,68.865166,35.9,36.9,37,993.7,15.6,173,1,,clear sky,134,45.8,,,,,,Open-Meteo Archive,OpenMeteo-AirQuality
2026-08-25T18:00:00+00:00,2026-08-25T18:00:00+00:00,Sukkur,27.732864,68.865166,35.0,36.6,43,993.9,17.8,179,0,,clear sky,133,45.1,,,,,,Open-Meteo Archive,OpenMeteo-AirQuality
2026-08-25T19:00:00+00:00,2026-08-25T19:00:00+00:00,Sukkur,27.732864,68.865166,34.2,36.3,47,994.0,17.4,187,1,,clear sky,134,47.6,,,,,,Open-Meteo Archive,OpenMeteo-AirQuality
2026-08-25T20:00:00+00:00,2026-08-25T20:00:00+00:00,Sukkur,27.732864,68.865166,33.1,35.5,53,993.8,17.5,192,0,,clear sky,135,52.6,,,,,,Open-Meteo Archive,OpenMeteo-AirQuality
2026-08-25T21:00:00+00:00,2026-08-25T21:00:00+00:00,Sukkur,27.732864,68.865166,31.9,34.6,57,993.4,16.3,190,0,,clear sky,137,57.0,,,,,,Open-Meteo Archive,OpenMeteo-AirQuality
2026-08-25T22:00:00+00:00,2026-08-25T22:00:00+00:00,Sukkur,27.732864,68.865166,31.1,33.8,58,993.2,14.6,190,0,,clear sky,139,59.1,,,,,,Open-Meteo Archive,OpenMeteo-AirQuality
2026-08-25T23:00:00+00:00,2026-08-25T23:00:00+00:00,Sukkur,27.732864,68.865166,30.3,32.9,61,993.2,15.3,188,0,,clear sky,142,57.7,,,,,,Open-Meteo Archive,OpenMeteo-AirQuality
2026-08-26T00:00:00+00:00,2026-08-26T00:00:00+00:00,Sukkur,27.732864,68.865166,30.1,32.4,59,994.1,15.0,187,1,,clear sky,91,31.0,,,,,,Open-Meteo Archive,OpenAQ-v3
2026-08-26T01:00:00+00:00,2026-08-26T01:00:00+00:00,Sukkur,27.732864,68.865166,29.4,32.0,61,994.5,11.9,191,0,,clear sky,99,35.0,,,,,,Open-Meteo Archive,OpenAQ-v3
2026-08-26T02:00:00+00:00,2026-08-26T02:00:00+00:00,Sukkur,27.732864,68.865166,29.3,32.0,61,995.1,11.1,189,0,,clear sky,99,35.0,,,,,,Open-Meteo Archive,OpenAQ-v3
2026-08-26T03:00:00+00:00,2026-08-26T03:00:00+00:00,Sukkur,27.732864,68.865166,30.1,32.9,59,995.7,11.9,174,0,,clear sky,99,35.0,,,,,,Open-Meteo Archive,OpenAQ-v3
2026-08-26T04:00:00+00:00,2026-08-26T04:00:00+00:00,Sukkur,27.732864,68.865166,31.9,34.8,55,995.9,12.4,167,0,,clear sky,99,35.0,,,,,,Open-Meteo Archive,OpenAQ-v3
2026-08-26T05:00:00+00:00,2026-08-26T05:00:00+00:00,Sukkur,27.732864,68.865166,34.2,37.1,48,995.9,13.3,161,0,,clear sky,99,35.0,,,,,,Open-Meteo Archive,OpenAQ-v3
2026-08-26T06:00:00+00:00,2026-08-26T06:00:00+00:00,Sukkur,27.732864,68.865166,36.4,39.7,40,995.7,13.3,161,0,,clear sky,99,35.0,,,,,,Open-Meteo Archive,OpenAQ-v3
2026-08-26T07:00:00+00:00,2026-08-26T07:00:00+00:00,Sukkur,27.732864,68.865166,38.3,41.8,35,994.9,12.5,162,0,,clear sky,99,35.0,,,,,,Open-Meteo Archive,OpenAQ-v3
2026-08-26T08:00:00+00:00,2026-08-26T08:00:00+00:00,Sukkur,27.732864,68.865166,39.6,43.2,31,994.1,11.7,155,0,,clear sky,134,34.9,,,,,,Open-Meteo Archive,OpenMeteo-AirQuality
2026-08-26T09:00:00+00:00,2026-08-26T09:00:00+00:00,Sukkur,27.732864,68.865166,40.3,43.3,29,993.2,11.7,149,0,,clear sky,132,32.5,,,,,,Open-Meteo Archive,OpenMeteo-AirQuality
2026-08-26T10:00:00+00:00,2026-08-26T10:00:00+00:00,Sukkur,27.732864,68.865166,40.5,42.3,27,992.3,12.8,154,0,,clear sky,129,31.1,,,,,,Open-Meteo Archive,OpenMeteo-AirQuality
2026-08-26T11:00:00+00:00,2026-08-26T11:00:00+00:00,Sukkur,27.732864,68.865166,40.4,41.1,26,991.5,12.9,159,1,,clear sky,127,30.5,,,,,,Open-Meteo Archive,OpenMeteo-AirQuality
2026-08-26T12:00:00+00:00,2026-08-26T12:00:00+00:00,Sukkur,27.732864,68.865166,40.0,40.6,27,991.0,13.4,154,4,,clear sky,124,30.5,,,,,,Open-Meteo Archive,OpenMeteo-AirQuality
2026-08-26T13:00:00+00:00,2026-08-26T13:00:00+00:00,Sukkur,27.732864,68.865166,38.9,39.9,30,990.7,12.8,148,0,,clear sky,123,31.4,,,,,,Open-Meteo Archive,OpenMeteo-AirQuality
2026-08-26T14:00:00+00:00,2026-08-26T14:00:00+00:00,Sukkur,27.732864,68.865166,37.2,38.2,33,990.7,13.4,143,0,,clear sky,122,33.5,,,,,,Open-Meteo Archive,OpenMeteo-AirQuality
2026-08-26T15:00:00+00:00,2026-08-26T15:00:00+00:00,Sukkur,27.732864,68.865166,36.4,37.5,36,990.9,15.7,153,0,,clear sky,121,36.1,,,,,,Open-Meteo Archive,OpenMeteo-AirQuality
2026-08-26T16:00:00+00:00,2026-08-26T16:00:00+00:00,Sukkur,27.732864,68.865166,36.1,37.9,38,992.1,12.3,188,0,,clear sky,120,39.2,,,,,,Open-Meteo Archive,OpenMeteo-AirQuality
2026-08-26T17:00:00+00:00,2026-08-26T17:00:00+00:00,Sukkur,27.732864,68.865166,35.8,37.1,41,992.1,18.7,196,0,,clear sky,120,45.5,,,,,,Open-Meteo Archive,OpenMeteo-AirQuality
2026-08-26T18:00:00+00:00,2026-08-26T18:00:00+00:00,Sukkur,27.732864,68.865166,34.3,36.1,46,992.1,17.7,201,0,,clear sky,120,52.4,,,,,,Open-Meteo Archive,OpenMeteo-AirQuality
2026-08-26T19:00:00+00:00,2026-08-26T19:00:00+00:00,Sukkur,27.732864,68.865166,32.9,35.0,51,992.3,16.2,188,0,,clear sky,121,56.6,,,,,,Open-Meteo Archive,OpenMeteo-AirQuality
2026-08-26T20:00:00+00:00,2026-08-26T20:00:00+00:00,Sukkur,27.732864,68.865166,31.6,33.9,55,992.1,16.0,181,0,,clear sky,122,58.2,,,,,,Open-Meteo Archive,OpenMeteo-AirQuality
2026-08-26T21:00:00+00:00,2026-08-26T21:00:00+00:00,Sukkur,27.732864,68.865166,30.5,32.7,59,991.4,16.9,179,0,,clear sky,122,57.5,,,,,,Open-Meteo Archive,OpenMeteo-AirQuality
2026-08-26T22:00:00+00:00,2026-08-26T22:00:00+00:00,Sukkur,27.732864,68.865166,29.3,31.7,64,991.2,16.3,175,4,,clear sky,121,54.1,,,,,,Open-Meteo Archive,OpenMeteo-AirQuality
2026-08-26T23:00:00+00:00,2026-08-26T23:00:00+00:00,Sukkur,27.732864,68.865166,28.4,30.9,68,991.2,16.3,175,0,,clear sky,121,48.2,,,,,,Open-Meteo Archive,OpenMeteo-AirQuality
2026-08-27T00:00:00+00:00,2026-08-27T00:00:00+00:00,Sukkur,27.732864,68.865166,28.4,31.1,70,992.8,16.4,172,2,,clear sky,97,34.0,,,,,,Open-Meteo Archive,OpenAQ-v3
2026-08-27T01:00:00+00:00,2026-08-27T01:00:00+00:00,Sukkur,27.732864,68.865166,27.6,30.7,73,993.3,13.6,172,1,,clear sky,97,34.0,,,,,,Open-Meteo Archive,OpenAQ-v3
2026-08-27T02:00:00+00:00,2026-08-27T02:00:00+00:00,Sukkur,27.732864,68.865166,27.7,31.1,73,993.7,12.2,163,1,,clear sky,97,34.0,,,,,,Open-Meteo Archive,OpenAQ-v3
2026-08-27T03:00:00+00:00,2026-08-27T03:00:00+00:00,Sukkur,27.732864,68.865166,28.9,32.1,69,993.9,13.7,159,0,,clear sky,97,34.0,,,,,,Open-Meteo Archive,OpenAQ-v3
2026-08-27T04:00:00+00:00,2026-08-27T04:00:00+00:00,Sukkur,27.732864,68.865166,30.8,34.1,62,994.1,13.2,158,0,,clear sky,122,35.4,,,,,,Open-Meteo Archive,OpenMeteo-AirQuality
2026-08-27T05:00:00+00:00,2026-08-27T05:00:00+00:00,Sukkur,27.732864,68.865166,32.9,36.8,56,994.3,11.3,160,2,,clear sky,121,39.6,,,,,,Open-Meteo Archive,OpenMeteo-AirQuality
2026-08-27T06:00:00+00:00,2026-08-27T06:00:00+00:00,Sukkur,27.732864,68.865166,35.1,40.1,49,993.9,9.7,161,0,,clear sky,121,43.3,,,,,,Open-Meteo Archive,OpenMeteo-AirQuality
2026-08-27T07:00:00+00:00,2026-08-27T07:00:00+00:00,Sukkur,27.732864,68.865166,37.0,42.4,44,993.2,9.8,156,0,,clear sky,121,45.1,,,,,,Open-Meteo Archive,OpenMeteo-AirQuality
2026-08-27T08:00:00+00:00,2026-08-27T08:00:00+00:00,Sukkur,27.732864,68.865166,38.5,43.9,40,992.2,10.1,151,13,,clear sky,121,45.4,,,,,,Open-Meteo Archive,OpenMeteo-AirQuality
2026-08-27T09:00:00+00:00,2026-08-27T09:00:00+00:00,Sukkur,27.732864,68.865166,39.5,44.4,37,991.3,11.2,147,12,,clear sky,122,44.9,,,,,,Open-Meteo Archive,OpenMeteo-AirQuality
2026-08-27T10:00:00+00:00,2026-08-27T10:00:00+00:00,Sukkur,27.732864,68.865166,40.0,43.9,36,990.3,12.7,144,41,,mainly clear,122,44.1,,,,,,Open-Meteo Archive,OpenMeteo-AirQuality
2026-08-27T11:00:00+00:00,2026-08-27T11:00:00+00:00,Sukkur,27.732864,68.865166,40.0,42.7,35,989.9,13.6,144,52,,partly cloudy,123,43.7,,,,,,Open-Meteo Archive,OpenMeteo-AirQuality
2026-08-27T12:00:00+00:00,2026-08-27T12:00:00+00:00,Sukkur,27.732864,68.865166,39.6,42.0,35,989.4,14.4,148,0,,clear sky,124,43.7,,,,,,Open-Meteo Archive,OpenMeteo-AirQuality
2026-08-27T13:00:00+00:00,2026-08-27T13:00:00+00:00,Sukkur,27.732864,68.865166,38.8,41.1,37,989.3,14.6,153,2,,clear sky,125,44.1,,,,,,Open-Meteo Archive,OpenMeteo-AirQuality
2026-08-27T14:00:00+00:00,2026-08-27T14:00:00+00:00,Sukkur,27.732864,68.865166,37.2,39.7,40,989.2,13.4,160,1,,clear sky,125,44.7,,,,,,Open-Meteo Archive,OpenMeteo-AirQuality
2026-08-27T15:00:00+00:00,2026-08-27T15:00:00+00:00,Sukkur,27.732864,68.865166,36.7,38.6,41,989.8,17.1,163,1,,clear sky,126,45.3,,,,,,Open-Meteo Archive,OpenMeteo-AirQuality
2026-08-27T16:00:00+00:00,2026-08-27T16:00:00+00:00,Sukkur,27.732864,68.865166,36.3,38.3,42,990.4,17.2,174,0,,clear sky,126,46.4,,,,,,Open-Meteo Archive,OpenMeteo-AirQuality
2026-08-27T17:00:00+00:00,2026-08-27T17:00:00+00:00,Sukkur,27.732864,68.865166,35.1,36.9,46,990.8,19.9,186,0,,clear sky,127,52.2,,,,,,Open-Meteo Archive,OpenMeteo-AirQuality
2026-08-27T18:00:00+00:00,2026-08-27T18:00:00+00:00,Sukkur,27.732864,68.865166,33.5,35.5,51,990.9,19.1,185,0,,clear sky,128,58.0,,,,,,Open-Meteo Archive,OpenMeteo-AirQuality
2026-08-27T19:00:00+00:00,2026-08-27T19:00:00+00:00,Sukkur,27.732864,68.865166,32.0,34.0,55,991.1,19.5,185,0,,clear sky,128,60.5,,,,,,Open-Meteo Archive,OpenMeteo-AirQuality
2026-08-27T20:00:00+00:00,2026-08-27T20:00:00+00:00,Sukkur,27.732864,68.865166,30.6,33.3,61,990.8,15.8,179,0,,clear sky,129,59.8,,,,,,Open-Meteo Archive,OpenMeteo-AirQuality
2026-08-27T21:00:00+00:00,2026-08-27T21:00:00+00:00,Sukkur,27.732864,68.865166,29.7,32.6,64,990.2,13.9,175,0,,clear sky,128,55.8,,,,,,Open-Meteo Archive,OpenMeteo-AirQuality
2026-08-27T22:00:00+00:00,2026-08-27T22:00:00+00:00,Sukkur,27.732864,68.865166,28.9,31.8,67,990.3,13.6,165,0,,clear sky,128,49.2,,,,,,Open-Meteo Archive,OpenMeteo-AirQuality
2026-08-27T23:00:00+00:00,2026-08-27T23:00:00+00:00,Sukkur,27.732864,68.865166,28.0,31.0,71,990.3,13.5,155,0,,clear sky,127,41.4,,,,,,Open-Meteo Archive,OpenMeteo-AirQuality
